use [QuanLyBus_Nhom_8]
go
insert into Routes
values	('09B','05:01:00','22:05:00','00:16:00'),
		('12','05:00:00','21:00:00','00:15:00'),
		('107','05:00:00','20:50:00','00:15:00'),
		('35A','05:00:00','21:00:00','00:20:00'),
		('27','05:00:00','21:00:00','00:10:00')

insert into Stations
values	(01,N'Bờ Hồ'),
		(02,N'Huỳnh Thúc Kháng'),
		(03,N'Nguyễn Chí Thanh'),
		(04,N'Đường Láng'),
		(05,N'Bến xe Mỹ Đình'),
		(06,N'Công Viên Nghĩa Đô'),
		(07,N'Chùa Bộc'),
		(08,N'Đại Áng'),
		(09,N'Kim Mã'),
		(10,N'Đại lộ Thăng Long'),
		(11,N'Láng Hòa Lạc'),
		(12,N'Làng văn hóa du lịch các dân tộc Việt Nam'),
		(13,N'Trần Khánh Dự'),
		(14,N'Bà Triệu'),
		(15,N'Nam Thăng Long'),
		(16,N'Bến xe Yên Nghĩa')

insert into Across
values	('09B',01,1),
		('09B',02,2),
		('09B',03,3),
		('09B',04,4),
		('09B',05,5),
		('12',06,1),
		('12',03,2),
		('12',02,3),
		('12',07,4),
		('12',08,5),
		('107',09,1),
		('107',03,2),
		('107',10,3),
		('107',11,4),
		('107',12,5),
		('35A',13,1),
		('35A',14,2),
		('35A',03,3),
		('35A',15,4),
		('27',16,1),
		('27',04,2),
		('27',03,3),
		('27',09,4),
		('27',15,5)

insert into Employees
values ('A01',N'Lê Phúc Anh','0239482343'),
		('A02',N'Nguyễn Mạnh Hoàng','0345234521'),
		('A04',N'Trần Long','0236243525'),
		('B06',N'Nguyễn Hoàng Long','0125442352'),
		('B08',N'Đỗ Đức Anh','0360340683'),
		('B21',N'Minh Hoàng','0230480234'),
		('D23',N'Đinh Ngọc Tùng','0128940913'),
		('D15',N'Nguyễn Mạnh Đức','0032948020'),
		('K04',N'Trần Lê Duy','0450684056'),
		('K24',N'Huỳnh Minh Phước','0223480234'),
		('S94',N'Nguyễn Trung Đức','0912839043'),
		('T14',N'Bùi Tiến Long','0203940233'),
		('T46',N'Lê Tiến Anh','0394875343'),
		('F73',N'Trần Công Long','0845490239'),
		('R35',N'Vũ Đức Qúy','0923402834'),
		('Y01',N'Lê Phúc Anh','0225458473'),
		('A62',N'Đàm Đức Lê','0348634869'),
		('C04',N'Nguyễn Đức Thắng','0236235515'),
		('E06',N'Vũ Minh Tuấn','0123452352'),
		('E08',N'Huỳnh Tuấn Lâm','0235423560'),
		('U21',N'Nguyễn Đức Công','0293483042'),
		('U23',N'Nguyễn Trường Thành','0995453964'),
		('U15',N'Nguyễn Mạnh Đức','0234982730'),
		('U04',N'Trần Lê Duy','0583599325'),
		('X24',N'Bùi Minh Toàn','0883413912'),
		('X94',N'Nguyễn Trung Đức','0124124435'),
		('Z14',N'Bùi Tiến Long','0966070792'),
		('Z46',N'Lê Tiến Anh','0923483249'),
		('Z73',N'Trần Công Long','0340234059'),
		('Z35',N'Vũ Gia Bảo','0345872304')

insert into Buses
values ('29N-32424',2017),
		('29B-66024',2018),
		('29B-34565',2018),
		('29E-45657',2017),
		('29E-83539',2018)

insert into Runs
values ('29N-32424','A01','A02','2020-3-10','09B',3),
		('29E-83539','Z14','Z46','2020-2-26','27',2),
		('29B-66024','D23','D15','2019-11-15','12',3),
		('29B-66024','K04','K24','2019-12-6','12',2),
		('29E-45657','E06','E08','2019-11-30','35A',1),
		('29E-83539','X24','X94','2020-3-5','27',1),
		('29N-32424','B08','B21','2020-3-25','09B',2),
		('29E-83539','Z73','Z35','2020-1-4','27',3),
		('29E-45657','U21','U23','2020-1-20','35A',2),
		('29B-66024','S94','T14','2019-1-3','12',3),
		('29B-34565','T46','F73','2020-3-6','107',1),
		('29E-83539','R35','Y01','2020-4-1','107',2),
		('29N-32424','U15','U04','2020-2-16','35A',3),
		('29N-32424','A04','B06','2020-3-13','09B',2),
		('29B-34565','A62','C04','2020-3-31','107',3),
		('29N-32424','D23','U04','2019-12-19','12',1),
		('29N-32424','U21','Z46','2020-1-17','107',2)
		
		
		

		
